{
  "name": "smartbin-backend",
  "version": "1.0.0",
  "description": "Backend API for SmartBin App using Express and SQLite",
  "main": "src/server.js",
  "scripts": {
    "start": "node src/server.js",
    "dev": "nodemon src/server.js",
    "migrate": "node src/db.js"
  },
  "author": "Kalainila P",
  "license": "MIT",
  "dependencies": {
    "bcrypt": "^5.1.1",
    "cors": "^2.8.5",
    "dotenv": "^16.4.5",
    "express": "^4.19.2",
    "jsonwebtoken": "^9.0.2",
    "sqlite3": "^5.1.6"
  },
  "devDependencies": {
    "nodemon": "^3.1.3"
  }
}
